{
    "manifest": [
        {
            "key": "assets/content/items/equipment/backpack_pilgrim/item_equipment_backpack_super_pilgrim.bundle",
            "dependenceyKeys": [
                "cubemaps",
                "shaders",
                "assets/commonassets/physics/physicsmaterials.bundle",
                "assets/content/characters/character/skeleton.bundle"
            ]
        },
        {
            "key":"assets/content/items/containers/item_container_secured_super_kappa/item_container_secured_super_kappa.bundle",
            "dependencyKeys":[
                "cubemaps",
                "shaders",
                "assets/commonassets/physics/physicsmaterials.bundle"
            ]
        },
        {
            "key": "assets/content/items/barter/item_container_keybar/item_container_super_keybar.bundle",
            "dependencyKeys":[
                "cubemaps",
                "shaders",
                "assets/commonassets/physics/physicsmaterials.bundle"]
        },
		{
            "key": "assets/content/items/containers/item_container_super_junk/item_container_super_junk.bundle",
            "dependencyKeys":[
                "cubemaps",
                "shaders",
                "assets/commonassets/physics/physicsmaterials.bundle"]
        },
		{
            "key": "assets/content/items/containers/item_container_superammo/item_container_superammo.bundle",
            "dependencyKeys":[
                "cubemaps",
                "shaders",
                "assets/commonassets/physics/physicsmaterials.bundle"]
        },
		{
            "key": "assets/content/items/containers/item_container_superdocs/item_container_superdocs.bundle",
            "dependencyKeys":[
                "cubemaps",
                "shaders",
                "assets/commonassets/physics/physicsmaterials.bundle"]
        },
		{
            "key": "assets/content/items/containers/item_container_superdog/item_container_superdog.bundle",
            "dependencyKeys":[
                "cubemaps",
                "shaders",
                "assets/commonassets/physics/physicsmaterials.bundle"]
        }
		,{
            "key": "assets/content/items/containers/item_container_supernade/item_container_supernade.bundle",
            "dependencyKeys":[
                "cubemaps",
                "shaders",
                "assets/commonassets/physics/physicsmaterials.bundle"]
        },
		{
            "key": "assets/content/items/containers/item_container_supermag/item_container_supermag.bundle",
            "dependencyKeys":[
                "cubemaps",
                "shaders",
                "assets/commonassets/physics/physicsmaterials.bundle"]
        },
		{
            "key": "assets/content/items/containers/item_container_supermed/item_container_supermed.bundle",
            "dependencyKeys":[
                "cubemaps",
                "shaders",
                "assets/commonassets/physics/physicsmaterials.bundle"]
        },
		{
            "key": "assets/content/items/containers/item_container_superpistol/item_container_superpistol.bundle",
            "dependencyKeys":[
                "cubemaps",
                "shaders",
                "assets/commonassets/physics/physicsmaterials.bundle"]
        },
        {
            "key": "assets/content/items/containers/item_container_superweaponscase/item_container_superweaponscase.bundle",
            "dependencyKeys":[
                "cubemaps",
                "shaders",
                "assets/commonassets/physics/physicsmaterials.bundle"]
        },
        {
            "key": "assets/content/items/containers/item_container_super_items_thicc/item_container_super_items_thicc.bundle",
            "dependenceyKeys":[
                "cubemaps",
                "shaders",
                "assets/commonassets/physics/physicsmaterials.bundle"
            ]
        },
        {
            "key": "assets/content/items/equipment/armor_super_ars_arma_a18/armor_super_ars_arma_a18.bundle",
            "dependenceyKeys":[
                "cubemaps",
                "shaders",
                "assets/commonassets/physics/physicsmaterials.bundle"
            ]
        },
        {
            "key": "assets/content/items/equipment/head_bandana/item_equipment_super_head_bandana.bundle",
            "dependenceyKeys":[
                "cubemaps",
                "shaders",
                "assets/commonassets/physics/physicsmaterials.bundle"
            ]
        },
        {
            "key": "assets/content/items/equipment/head_bandana/item_equipment_super_head_bandana_orange.bundle",
            "dependenceyKeys":[
                "cubemaps",
                "shaders",
                "assets/commonassets/physics/physicsmaterials.bundle"
            ]
        },
        {
            "key": "assets/content/items/mods/recievers/reciever_m1911_colt_m45a1_orange.bundle",
            "dependenceyKeys":[
                "cubemaps",
                "shaders",
                "assets/commonassets/physics/physicsmaterials.bundle"
            ]
        }

    ]
}